metric,p_value
Observed,0.0032732645855279565
Shannon,0.03566234016365831
Simpson,0.7408772402163061
