"","Df","SumOfSqs","R2","F","Pr(>F)"
"Model",1,0.954551126225163,0.00626314481613745,2.75424451692059,0.022
"Residual",437,151.453089802928,0.993736855183862,NA,NA
"Total",438,152.407640929153,1,NA,NA
